[
    {
        "key": "group_5ecd9179ac374",
        "title": "Default Template",
        "fields": [
            {
                "key": "field_5ecd919247d48",
                "label": "Hero",
                "name": "",
                "type": "tab",
                "instructions": "",
                "required": 0,
                "conditional_logic": 0,
                "wrapper": {
                    "width": "",
                    "class": "",
                    "id": ""
                },
                "placement": "top",
                "endpoint": 0
            },
            {
                "key": "field_5ecd919847d49",
                "label": "Default Hero",
                "name": "default_hero",
                "type": "clone",
                "instructions": "",
                "required": 0,
                "conditional_logic": 0,
                "wrapper": {
                    "width": "",
                    "class": "",
                    "id": ""
                },
                "clone": [
                    "group_5ea714edc7d39"
                ],
                "display": "seamless",
                "layout": "block",
                "prefix_label": 0,
                "prefix_name": 0
            },
            {
                "key": "field_5ecd91a447d4a",
                "label": "Page Sections",
                "name": "",
                "type": "tab",
                "instructions": "",
                "required": 0,
                "conditional_logic": 0,
                "wrapper": {
                    "width": "",
                    "class": "",
                    "id": ""
                },
                "placement": "top",
                "endpoint": 0
            },
            {
                "key": "field_5ecd91ab47d4b",
                "label": "Default Sections",
                "name": "default_sections",
                "type": "clone",
                "instructions": "",
                "required": 0,
                "conditional_logic": 0,
                "wrapper": {
                    "width": "",
                    "class": "",
                    "id": ""
                },
                "clone": [
                    "group_5ea7226568aaf"
                ],
                "display": "seamless",
                "layout": "block",
                "prefix_label": 0,
                "prefix_name": 0
            }
        ],
        "location": [
            [
                {
                    "param": "page_template",
                    "operator": "==",
                    "value": "default"
                },
                {
                    "param": "page_type",
                    "operator": "!=",
                    "value": "posts_page"
                }
            ]
        ],
        "menu_order": 1,
        "position": "normal",
        "style": "default",
        "label_placement": "top",
        "instruction_placement": "label",
        "hide_on_screen": [
            "the_content"
        ],
        "active": true,
        "description": "Custom fields for the default template"
    },
    {
        "key": "group_5ecd92384b0a6",
        "title": "Site Options",
        "fields": [
            {
                "key": "field_5ecd92888321c",
                "label": "Header",
                "name": "",
                "type": "tab",
                "instructions": "",
                "required": 0,
                "conditional_logic": 0,
                "wrapper": {
                    "width": "",
                    "class": "",
                    "id": ""
                },
                "placement": "top",
                "endpoint": 0
            },
            {
                "key": "field_5ecd923d8321b",
                "label": "Header Logo",
                "name": "header_logo",
                "type": "image",
                "instructions": "Upload the header logo here (either an svg or a png that's at least 300 x 75 px)",
                "required": 0,
                "conditional_logic": 0,
                "wrapper": {
                    "width": "",
                    "class": "",
                    "id": ""
                },
                "return_format": "id",
                "preview_size": "thumbnail",
                "library": "all",
                "min_width": "",
                "min_height": "",
                "min_size": "",
                "max_width": "",
                "max_height": "",
                "max_size": "",
                "mime_types": ""
            },
            {
                "key": "field_5ecd928e8321d",
                "label": "Footer",
                "name": "",
                "type": "tab",
                "instructions": "",
                "required": 0,
                "conditional_logic": 0,
                "wrapper": {
                    "width": "",
                    "class": "",
                    "id": ""
                },
                "placement": "top",
                "endpoint": 0
            },
            {
                "key": "field_5ecd92958321e",
                "label": "Footer Logo",
                "name": "footer_logo",
                "type": "image",
                "instructions": "Upload the header logo here (either an svg or a png that's at least 300 x 75 px)",
                "required": 0,
                "conditional_logic": 0,
                "wrapper": {
                    "width": "",
                    "class": "",
                    "id": ""
                },
                "return_format": "id",
                "preview_size": "thumbnail",
                "library": "all",
                "min_width": "",
                "min_height": "",
                "min_size": "",
                "max_width": "",
                "max_height": "",
                "max_size": "",
                "mime_types": ""
            },
            {
                "key": "field_5ecd92c28321f",
                "label": "404",
                "name": "",
                "type": "tab",
                "instructions": "",
                "required": 0,
                "conditional_logic": 0,
                "wrapper": {
                    "width": "",
                    "class": "",
                    "id": ""
                },
                "placement": "top",
                "endpoint": 0
            },
            {
                "key": "field_5ecd92c683220",
                "label": "404 Content",
                "name": "404_content",
                "type": "wysiwyg",
                "instructions": "Enter the 404 page content here",
                "required": 0,
                "conditional_logic": 0,
                "wrapper": {
                    "width": "",
                    "class": "",
                    "id": ""
                },
                "default_value": "<h1 style=\"text-align: center\">404<\/h1>\r\n\r\n<h3 style=\"text-align: center\">Page Not Found<\/h3>\r\n\r\n<p style=\"text-align: center\">Looks like the page you are looking for doesn't exist.<\/p>",
                "tabs": "all",
                "toolbar": "full",
                "media_upload": 1,
                "delay": 0
            }
        ],
        "location": [
            [
                {
                    "param": "options_page",
                    "operator": "==",
                    "value": "acf-options-site-options"
                }
            ]
        ],
        "menu_order": 2,
        "position": "normal",
        "style": "default",
        "label_placement": "top",
        "instruction_placement": "label",
        "hide_on_screen": "",
        "active": true,
        "description": ""
    },
    {
        "key": "group_5728e3bc743d7",
        "title": "Blog",
        "fields": [
            {
                "key": "field_5eceaf1e1eab3",
                "label": "Blog Page Intro",
                "name": "",
                "type": "tab",
                "instructions": "",
                "required": 0,
                "conditional_logic": 0,
                "wrapper": {
                    "width": "",
                    "class": "",
                    "id": ""
                },
                "placement": "top",
                "endpoint": 0
            },
            {
                "key": "field_5728e4d16b348",
                "label": "Intro Text",
                "name": "blog_intro_text",
                "type": "wysiwyg",
                "instructions": "Enter the intro content for the blog here",
                "required": 0,
                "conditional_logic": 0,
                "wrapper": {
                    "width": "",
                    "class": "",
                    "id": ""
                },
                "default_value": "<h1 style=\"text-align: center\">Blog<\/h1>\r\n\r\n<p style=\"text-align: center\">Check out our latest posts below<\/p>",
                "tabs": "all",
                "toolbar": "full",
                "media_upload": 1,
                "delay": 0
            },
            {
                "key": "field_5eceaf2a1eab4",
                "label": "Post List",
                "name": "",
                "type": "tab",
                "instructions": "",
                "required": 0,
                "conditional_logic": 0,
                "wrapper": {
                    "width": "",
                    "class": "",
                    "id": ""
                },
                "placement": "top",
                "endpoint": 0
            },
            {
                "key": "field_5eceaf331eab5",
                "label": "Post Meta Data",
                "name": "post_meta_data",
                "type": "checkbox",
                "instructions": "Choose what meta information to display for each blog post",
                "required": 0,
                "conditional_logic": 0,
                "wrapper": {
                    "width": "",
                    "class": "",
                    "id": ""
                },
                "choices": {
                    "author": "Author",
                    "date": "Date",
                    "categories": "Categories",
                    "tags": "Tags"
                },
                "allow_custom": 0,
                "default_value": false,
                "layout": "vertical",
                "toggle": 0,
                "return_format": "value",
                "save_custom": 0
            }
        ],
        "location": [
            [
                {
                    "param": "page_type",
                    "operator": "==",
                    "value": "posts_page"
                }
            ]
        ],
        "menu_order": 3,
        "position": "normal",
        "style": "default",
        "label_placement": "top",
        "instruction_placement": "label",
        "hide_on_screen": "",
        "active": true,
        "description": ""
    },
    {
        "key": "group_5ea7226568aaf",
        "title": "Flex Layouts",
        "fields": [
            {
                "key": "field_5ea7226f8cc0b",
                "label": "Page Sections",
                "name": "page_sections",
                "type": "flexible_content",
                "instructions": "Click \"Add Section\"",
                "required": 0,
                "conditional_logic": 0,
                "wrapper": {
                    "width": "",
                    "class": "",
                    "id": ""
                },
                "layouts": {
                    "layout_5ea7227625047": {
                        "key": "layout_5ea7227625047",
                        "name": "centered_text_block",
                        "label": "Centered Text Block",
                        "display": "block",
                        "sub_fields": [
                            {
                                "key": "field_5ea7232bac58e",
                                "label": "Flex Block",
                                "name": "flex_block",
                                "type": "clone",
                                "instructions": "",
                                "required": 0,
                                "conditional_logic": 0,
                                "wrapper": {
                                    "width": "",
                                    "class": "",
                                    "id": ""
                                },
                                "clone": [
                                    "group_5ea72291c1f7c"
                                ],
                                "display": "seamless",
                                "layout": "block",
                                "prefix_label": 0,
                                "prefix_name": 0
                            }
                        ],
                        "min": "",
                        "max": ""
                    },
                    "layout_5ea72776df1e0": {
                        "key": "layout_5ea72776df1e0",
                        "name": "banner",
                        "label": "Banner",
                        "display": "block",
                        "sub_fields": [
                            {
                                "key": "field_5ea7277adf1e1",
                                "label": "Flex Banner",
                                "name": "flex_banner",
                                "type": "clone",
                                "instructions": "",
                                "required": 0,
                                "conditional_logic": 0,
                                "wrapper": {
                                    "width": "",
                                    "class": "",
                                    "id": ""
                                },
                                "clone": [
                                    "group_5ea725c96a69b"
                                ],
                                "display": "seamless",
                                "layout": "block",
                                "prefix_label": 0,
                                "prefix_name": 0
                            }
                        ],
                        "min": "",
                        "max": ""
                    },
                    "layout_5ea73e70c1086": {
                        "key": "layout_5ea73e70c1086",
                        "name": "slider",
                        "label": "Slider",
                        "display": "block",
                        "sub_fields": [
                            {
                                "key": "field_5ea73e75c1087",
                                "label": "Flex Slider",
                                "name": "flex_slider",
                                "type": "clone",
                                "instructions": "",
                                "required": 0,
                                "conditional_logic": 0,
                                "wrapper": {
                                    "width": "",
                                    "class": "",
                                    "id": ""
                                },
                                "clone": [
                                    "group_5ea73d9f934ca"
                                ],
                                "display": "seamless",
                                "layout": "block",
                                "prefix_label": 0,
                                "prefix_name": 0
                            }
                        ],
                        "min": "",
                        "max": ""
                    },
                    "layout_5ea74fb52ab10": {
                        "key": "layout_5ea74fb52ab10",
                        "name": "text_image_split",
                        "label": "Text\/Image Split",
                        "display": "block",
                        "sub_fields": [
                            {
                                "key": "field_5ea74fbf2ab11",
                                "label": "Flex Split",
                                "name": "flex_split",
                                "type": "clone",
                                "instructions": "",
                                "required": 0,
                                "conditional_logic": 0,
                                "wrapper": {
                                    "width": "",
                                    "class": "",
                                    "id": ""
                                },
                                "clone": [
                                    "group_5ea74e639f65c"
                                ],
                                "display": "seamless",
                                "layout": "block",
                                "prefix_label": 0,
                                "prefix_name": 0
                            }
                        ],
                        "min": "",
                        "max": ""
                    },
                    "layout_5ea7578437d47": {
                        "key": "layout_5ea7578437d47",
                        "name": "3_column_grid",
                        "label": "3-Column Grid",
                        "display": "block",
                        "sub_fields": [
                            {
                                "key": "field_5ea7578f37d48",
                                "label": "Flex Grid",
                                "name": "flex_grid",
                                "type": "clone",
                                "instructions": "",
                                "required": 0,
                                "conditional_logic": 0,
                                "wrapper": {
                                    "width": "",
                                    "class": "",
                                    "id": ""
                                },
                                "clone": [
                                    "group_5ea7568ed7f84"
                                ],
                                "display": "seamless",
                                "layout": "block",
                                "prefix_label": 0,
                                "prefix_name": 0
                            }
                        ],
                        "min": "",
                        "max": ""
                    },
                    "layout_5ea88e547a63a": {
                        "key": "layout_5ea88e547a63a",
                        "name": "newsletter_signup",
                        "label": "Newsletter Signup",
                        "display": "block",
                        "sub_fields": [
                            {
                                "key": "field_5ea88e5b7a63b",
                                "label": "Flex Newsletter",
                                "name": "flex_newsletter",
                                "type": "clone",
                                "instructions": "",
                                "required": 0,
                                "conditional_logic": 0,
                                "wrapper": {
                                    "width": "",
                                    "class": "",
                                    "id": ""
                                },
                                "clone": [
                                    "group_5ea88dde7cfa1"
                                ],
                                "display": "seamless",
                                "layout": "block",
                                "prefix_label": 0,
                                "prefix_name": 0
                            }
                        ],
                        "min": "",
                        "max": ""
                    }
                },
                "button_label": "Add Section",
                "min": "",
                "max": ""
            }
        ],
        "location": [
            [
                {
                    "param": "post_type",
                    "operator": "==",
                    "value": "post"
                }
            ]
        ],
        "menu_order": 16,
        "position": "normal",
        "style": "default",
        "label_placement": "top",
        "instruction_placement": "label",
        "hide_on_screen": "",
        "active": false,
        "description": ""
    },
    {
        "key": "group_5ea714edc7d39",
        "title": "Hero (Global)",
        "fields": [
            {
                "key": "field_5ea71500997d7",
                "label": "Background",
                "name": "hero_background",
                "type": "image",
                "instructions": "Upload the background image for the hero here (at least 1920 x 670 px) <br><br>\r\n\r\nThis image also serves as the fallback image for the background image (if enabled).",
                "required": 0,
                "conditional_logic": 0,
                "wrapper": {
                    "width": "",
                    "class": "",
                    "id": ""
                },
                "return_format": "id",
                "preview_size": "thumbnail",
                "library": "all",
                "min_width": "",
                "min_height": "",
                "min_size": "",
                "max_width": "",
                "max_height": "",
                "max_size": "",
                "mime_types": ""
            },
            {
                "key": "field_5ea715e6997dd",
                "label": "Horizontal Background Alignment",
                "name": "hero_horizontal_background_alignment",
                "type": "radio",
                "instructions": "How should the image be horizontally aligned?",
                "required": 0,
                "conditional_logic": 0,
                "wrapper": {
                    "width": "",
                    "class": "",
                    "id": ""
                },
                "choices": {
                    "left": "Left",
                    "center": "Center",
                    "right": "Right"
                },
                "allow_null": 0,
                "other_choice": 0,
                "default_value": "center",
                "layout": "vertical",
                "return_format": "value",
                "save_other_choice": 0
            },
            {
                "key": "field_5ea71621997de",
                "label": "Vertical Background Alignment",
                "name": "hero_vertical_background_alignment",
                "type": "radio",
                "instructions": "How should the image be vertically aligned?",
                "required": 0,
                "conditional_logic": 0,
                "wrapper": {
                    "width": "",
                    "class": "",
                    "id": ""
                },
                "choices": {
                    "top": "Top",
                    "center": "Center",
                    "bottom": "Bottom"
                },
                "allow_null": 0,
                "other_choice": 0,
                "default_value": "center",
                "layout": "vertical",
                "return_format": "value",
                "save_other_choice": 0
            },
            {
                "key": "field_5ec56482a7c5f",
                "label": "Column Span",
                "name": "hero_column_span",
                "type": "number",
                "instructions": "How many columns should this section span (max of 12)?",
                "required": 0,
                "conditional_logic": 0,
                "wrapper": {
                    "width": "",
                    "class": "",
                    "id": ""
                },
                "default_value": 10,
                "placeholder": "",
                "prepend": "",
                "append": "",
                "min": 6,
                "max": 12,
                "step": 1
            },
            {
                "key": "field_5ec564aba7c60",
                "label": "Column Alignment",
                "name": "hero_column_alignment",
                "type": "radio",
                "instructions": "How should this column be aligned?",
                "required": 0,
                "conditional_logic": 0,
                "wrapper": {
                    "width": "",
                    "class": "",
                    "id": ""
                },
                "choices": {
                    "start": "Left",
                    "center": "Center",
                    "end": "Right"
                },
                "allow_null": 0,
                "other_choice": 0,
                "default_value": "center",
                "layout": "vertical",
                "return_format": "value",
                "save_other_choice": 0
            },
            {
                "key": "field_5ea71568997d8",
                "label": "Video Toggle",
                "name": "hero_video_toggle",
                "type": "true_false",
                "instructions": "Display a background video in this hero?",
                "required": 0,
                "conditional_logic": 0,
                "wrapper": {
                    "width": "",
                    "class": "",
                    "id": ""
                },
                "message": "",
                "default_value": 0,
                "ui": 1,
                "ui_on_text": "",
                "ui_off_text": ""
            },
            {
                "key": "field_5ea7158b997d9",
                "label": "Video",
                "name": "hero_video",
                "type": "file",
                "instructions": "Upload the video .mp4 file here",
                "required": 0,
                "conditional_logic": [
                    [
                        {
                            "field": "field_5ea71568997d8",
                            "operator": "==",
                            "value": "1"
                        }
                    ]
                ],
                "wrapper": {
                    "width": "",
                    "class": "",
                    "id": ""
                },
                "return_format": "url",
                "library": "all",
                "min_size": "",
                "max_size": "",
                "mime_types": ".mp4"
            },
            {
                "key": "field_5ea715a5997da",
                "label": "Content",
                "name": "hero_content",
                "type": "wysiwyg",
                "instructions": "Enter the text content for the hero here",
                "required": 0,
                "conditional_logic": 0,
                "wrapper": {
                    "width": "",
                    "class": "",
                    "id": ""
                },
                "default_value": "",
                "tabs": "all",
                "toolbar": "full",
                "media_upload": 1,
                "delay": 0
            },
            {
                "key": "field_5ea715c5997db",
                "label": "Buttons",
                "name": "hero_buttons",
                "type": "repeater",
                "instructions": "Click \"Add Button\"",
                "required": 0,
                "conditional_logic": 0,
                "wrapper": {
                    "width": "",
                    "class": "",
                    "id": ""
                },
                "collapsed": "",
                "min": 0,
                "max": 2,
                "layout": "row",
                "button_label": "Add Button",
                "sub_fields": [
                    {
                        "key": "field_5eceb70d0e42d",
                        "label": "Button Class",
                        "name": "button_class",
                        "type": "radio",
                        "instructions": "Choose the color class for this button here",
                        "required": 0,
                        "conditional_logic": 0,
                        "wrapper": {
                            "width": "",
                            "class": "",
                            "id": ""
                        },
                        "choices": {
                            "primary": "Primary",
                            "primary-ghost": "Primary (Ghost)",
                            "secondary": "Secondary",
                            "secondary-ghost": "Secondary (Ghost)",
                            "white": "White",
                            "white-ghost": "White (Ghost)"
                        },
                        "allow_null": 0,
                        "other_choice": 0,
                        "default_value": "primary",
                        "layout": "vertical",
                        "return_format": "value",
                        "save_other_choice": 0
                    },
                    {
                        "key": "field_5ea715d8997dc",
                        "label": "Button",
                        "name": "button",
                        "type": "link",
                        "instructions": "",
                        "required": 0,
                        "conditional_logic": 0,
                        "wrapper": {
                            "width": "",
                            "class": "",
                            "id": ""
                        },
                        "return_format": "array"
                    }
                ]
            },
            {
                "key": "field_5ea7170679be7",
                "label": "Button Alignment",
                "name": "hero_button_alignment",
                "type": "radio",
                "instructions": "How should the button(s) be aligned?",
                "required": 0,
                "conditional_logic": 0,
                "wrapper": {
                    "width": "",
                    "class": "",
                    "id": ""
                },
                "choices": {
                    "left": "Left",
                    "center": "Center",
                    "right": "Right"
                },
                "allow_null": 0,
                "other_choice": 0,
                "default_value": "center",
                "layout": "vertical",
                "return_format": "value",
                "save_other_choice": 0
            }
        ],
        "location": [
            [
                {
                    "param": "post_type",
                    "operator": "==",
                    "value": "post"
                }
            ]
        ],
        "menu_order": 17,
        "position": "normal",
        "style": "default",
        "label_placement": "top",
        "instruction_placement": "label",
        "hide_on_screen": "",
        "active": false,
        "description": ""
    },
    {
        "key": "group_5ea72291c1f7c",
        "title": "Centered Text Block (Global)",
        "fields": [
            {
                "key": "field_5ea7229da7a4d",
                "label": "Column Span",
                "name": "centered_text_block_column_span",
                "type": "number",
                "instructions": "How many columns should this section span? (max of 12)",
                "required": 0,
                "conditional_logic": 0,
                "wrapper": {
                    "width": "",
                    "class": "",
                    "id": ""
                },
                "default_value": 10,
                "placeholder": "",
                "prepend": "",
                "append": "",
                "min": 6,
                "max": 12,
                "step": 1
            },
            {
                "key": "field_5ea722c2a7a4e",
                "label": "Content",
                "name": "centered_text_block_content",
                "type": "wysiwyg",
                "instructions": "Enter the text content for this section here",
                "required": 0,
                "conditional_logic": 0,
                "wrapper": {
                    "width": "",
                    "class": "",
                    "id": ""
                },
                "default_value": "",
                "tabs": "all",
                "toolbar": "full",
                "media_upload": 1,
                "delay": 0
            },
            {
                "key": "field_5ea722dca7a4f",
                "label": "Buttons",
                "name": "centered_text_block_buttons",
                "type": "repeater",
                "instructions": "Click \"Add Button\"",
                "required": 0,
                "conditional_logic": 0,
                "wrapper": {
                    "width": "",
                    "class": "",
                    "id": ""
                },
                "collapsed": "",
                "min": 0,
                "max": 2,
                "layout": "row",
                "button_label": "Add Button",
                "sub_fields": [
                    {
                        "key": "field_5eceb63abcc3a",
                        "label": "Button Class",
                        "name": "button_class",
                        "type": "radio",
                        "instructions": "Choose the color class for this button here",
                        "required": 0,
                        "conditional_logic": 0,
                        "wrapper": {
                            "width": "",
                            "class": "",
                            "id": ""
                        },
                        "choices": {
                            "primary": "Primary",
                            "primary-ghost": "Primary (Ghost)",
                            "secondary": "Secondary",
                            "secondary-ghost": "Secondary (Ghost)",
                            "white": "White",
                            "white-ghost": "White (Ghost)"
                        },
                        "allow_null": 0,
                        "other_choice": 0,
                        "default_value": "primary",
                        "layout": "vertical",
                        "return_format": "value",
                        "save_other_choice": 0
                    },
                    {
                        "key": "field_5ea722f8a7a50",
                        "label": "Button",
                        "name": "button",
                        "type": "link",
                        "instructions": "",
                        "required": 0,
                        "conditional_logic": 0,
                        "wrapper": {
                            "width": "",
                            "class": "",
                            "id": ""
                        },
                        "return_format": "array"
                    }
                ]
            },
            {
                "key": "field_5ea72300a7a51",
                "label": "Button Alignment",
                "name": "centered_text_block_button_alignment",
                "type": "radio",
                "instructions": "How should the button(s) be aligned?",
                "required": 0,
                "conditional_logic": 0,
                "wrapper": {
                    "width": "",
                    "class": "",
                    "id": ""
                },
                "choices": {
                    "left": "Left",
                    "center": "Center",
                    "right": "Right"
                },
                "allow_null": 0,
                "other_choice": 0,
                "default_value": "center",
                "layout": "vertical",
                "return_format": "value",
                "save_other_choice": 0
            }
        ],
        "location": [
            [
                {
                    "param": "post_type",
                    "operator": "==",
                    "value": "post"
                }
            ]
        ],
        "menu_order": 18,
        "position": "normal",
        "style": "default",
        "label_placement": "top",
        "instruction_placement": "label",
        "hide_on_screen": "",
        "active": false,
        "description": ""
    },
    {
        "key": "group_5ea725c96a69b",
        "title": "Banner (Global)",
        "fields": [
            {
                "key": "field_5ea725fcce65b",
                "label": "Background",
                "name": "banner_background",
                "type": "image",
                "instructions": "Upload the background image for this section here (at least 1920 x 545 px)",
                "required": 0,
                "conditional_logic": 0,
                "wrapper": {
                    "width": "",
                    "class": "",
                    "id": ""
                },
                "return_format": "id",
                "preview_size": "thumbnail",
                "library": "all",
                "min_width": "",
                "min_height": "",
                "min_size": "",
                "max_width": "",
                "max_height": "",
                "max_size": "",
                "mime_types": ""
            },
            {
                "key": "field_5ea726b6ce65f",
                "label": "Width Option",
                "name": "banner_width_option",
                "type": "true_false",
                "instructions": "Is this a full-width banner?<br><br>\r\n\r\nIf so, the background will stretch to the edges of the screen.<br><br>\r\n\r\nIf not, the background will stretch to the edges of the 12-column grid.",
                "required": 0,
                "conditional_logic": 0,
                "wrapper": {
                    "width": "",
                    "class": "",
                    "id": ""
                },
                "message": "",
                "default_value": 1,
                "ui": 1,
                "ui_on_text": "",
                "ui_off_text": ""
            },
            {
                "key": "field_5ea730d6208c2",
                "label": "Padding",
                "name": "banner_padding",
                "type": "number",
                "instructions": "How much padding should be applied to the top and bottom of this section (in px)?",
                "required": 0,
                "conditional_logic": 0,
                "wrapper": {
                    "width": "",
                    "class": "",
                    "id": ""
                },
                "default_value": 200,
                "placeholder": "",
                "prepend": "",
                "append": "",
                "min": 50,
                "max": 500,
                "step": 1
            },
            {
                "key": "field_5ea72624ce65c",
                "label": "Horizontal Background Alignment",
                "name": "banner_horizontal_background_alignment",
                "type": "radio",
                "instructions": "How should the background be horizontally aligned?",
                "required": 0,
                "conditional_logic": 0,
                "wrapper": {
                    "width": "",
                    "class": "",
                    "id": ""
                },
                "choices": {
                    "left": "Left",
                    "center": "Center",
                    "right": "Right"
                },
                "allow_null": 0,
                "other_choice": 0,
                "default_value": "center",
                "layout": "vertical",
                "return_format": "value",
                "save_other_choice": 0
            },
            {
                "key": "field_5ea72668ce65d",
                "label": "Vertical Background Alignment",
                "name": "banner_vertical_background_alignment",
                "type": "radio",
                "instructions": "How should the background be vertically aligned?",
                "required": 0,
                "conditional_logic": 0,
                "wrapper": {
                    "width": "",
                    "class": "",
                    "id": ""
                },
                "choices": {
                    "top": "Top",
                    "center": "Center",
                    "bottom": "Bottom"
                },
                "allow_null": 0,
                "other_choice": 0,
                "default_value": "center",
                "layout": "vertical",
                "return_format": "value",
                "save_other_choice": 0
            },
            {
                "key": "field_5ea7272cce660",
                "label": "Column Span",
                "name": "banner_column_span",
                "type": "number",
                "instructions": "How many columns does the section content span? (max of 12)",
                "required": 0,
                "conditional_logic": 0,
                "wrapper": {
                    "width": "",
                    "class": "",
                    "id": ""
                },
                "default_value": 8,
                "placeholder": "",
                "prepend": "",
                "append": "",
                "min": 6,
                "max": 12,
                "step": 1
            },
            {
                "key": "field_5ea7268fce65e",
                "label": "Content",
                "name": "banner_content",
                "type": "wysiwyg",
                "instructions": "Enter the text content for this section",
                "required": 0,
                "conditional_logic": 0,
                "wrapper": {
                    "width": "",
                    "class": "",
                    "id": ""
                },
                "default_value": "",
                "tabs": "all",
                "toolbar": "full",
                "media_upload": 1,
                "delay": 0
            },
            {
                "key": "field_5ec563f3abc26",
                "label": "Button Toggle",
                "name": "banner_button_toggle",
                "type": "true_false",
                "instructions": "Display a button here?",
                "required": 0,
                "conditional_logic": 0,
                "wrapper": {
                    "width": "",
                    "class": "",
                    "id": ""
                },
                "message": "",
                "default_value": 0,
                "ui": 1,
                "ui_on_text": "",
                "ui_off_text": ""
            },
            {
                "key": "field_5ec5640cabc27",
                "label": "Button Alignment",
                "name": "banner_button_alignment",
                "type": "radio",
                "instructions": "How should this button be aligned?",
                "required": 0,
                "conditional_logic": [
                    [
                        {
                            "field": "field_5ec563f3abc26",
                            "operator": "==",
                            "value": "1"
                        }
                    ]
                ],
                "wrapper": {
                    "width": "",
                    "class": "",
                    "id": ""
                },
                "choices": {
                    "left": "Left",
                    "center": "Center",
                    "right": "Right"
                },
                "allow_null": 0,
                "other_choice": 0,
                "default_value": "center",
                "layout": "vertical",
                "return_format": "value",
                "save_other_choice": 0
            },
            {
                "key": "field_5eceb79de42a0",
                "label": "Button Class",
                "name": "banner_button_class",
                "type": "radio",
                "instructions": "Choose the color class for this button here",
                "required": 0,
                "conditional_logic": [
                    [
                        {
                            "field": "field_5ec563f3abc26",
                            "operator": "==",
                            "value": "1"
                        }
                    ]
                ],
                "wrapper": {
                    "width": "",
                    "class": "",
                    "id": ""
                },
                "choices": {
                    "primary": "Primary",
                    "primary-ghost": "Primary (Ghost)",
                    "secondary": "Secondary",
                    "secondary-ghost": "Secondary (Ghost)",
                    "white": "White",
                    "white-ghost": "White (Ghost)"
                },
                "allow_null": 0,
                "other_choice": 0,
                "default_value": "primary",
                "layout": "vertical",
                "return_format": "value",
                "save_other_choice": 0
            },
            {
                "key": "field_5ec5642eabc28",
                "label": "Button",
                "name": "banner_button",
                "type": "link",
                "instructions": "",
                "required": 0,
                "conditional_logic": [
                    [
                        {
                            "field": "field_5ec563f3abc26",
                            "operator": "==",
                            "value": "1"
                        }
                    ]
                ],
                "wrapper": {
                    "width": "",
                    "class": "",
                    "id": ""
                },
                "return_format": "array"
            }
        ],
        "location": [
            [
                {
                    "param": "post_type",
                    "operator": "==",
                    "value": "post"
                }
            ]
        ],
        "menu_order": 19,
        "position": "normal",
        "style": "default",
        "label_placement": "top",
        "instruction_placement": "label",
        "hide_on_screen": "",
        "active": false,
        "description": ""
    },
    {
        "key": "group_5ea73d9f934ca",
        "title": "Slider (Global)",
        "fields": [
            {
                "key": "field_5ea73dacafcfb",
                "label": "Intro Content",
                "name": "slider_intro_content",
                "type": "wysiwyg",
                "instructions": "Enter the intro content above the slider here",
                "required": 0,
                "conditional_logic": 0,
                "wrapper": {
                    "width": "",
                    "class": "",
                    "id": ""
                },
                "default_value": "",
                "tabs": "all",
                "toolbar": "full",
                "media_upload": 1,
                "delay": 0
            },
            {
                "key": "field_5ea73dcfafcfc",
                "label": "Slider",
                "name": "slider",
                "type": "repeater",
                "instructions": "Click \"Add Slide\"",
                "required": 0,
                "conditional_logic": 0,
                "wrapper": {
                    "width": "",
                    "class": "",
                    "id": ""
                },
                "collapsed": "",
                "min": 0,
                "max": 0,
                "layout": "row",
                "button_label": "Add Slide",
                "sub_fields": [
                    {
                        "key": "field_5ea73e34afcfe",
                        "label": "Content",
                        "name": "content",
                        "type": "wysiwyg",
                        "instructions": "Enter the slide content here",
                        "required": 0,
                        "conditional_logic": 0,
                        "wrapper": {
                            "width": "",
                            "class": "",
                            "id": ""
                        },
                        "default_value": "",
                        "tabs": "all",
                        "toolbar": "full",
                        "media_upload": 1,
                        "delay": 0
                    },
                    {
                        "key": "field_5ea73e44afcff",
                        "label": "Button Toggle",
                        "name": "button_toggle",
                        "type": "true_false",
                        "instructions": "Display a button on this slide?",
                        "required": 0,
                        "conditional_logic": 0,
                        "wrapper": {
                            "width": "",
                            "class": "",
                            "id": ""
                        },
                        "message": "",
                        "default_value": 0,
                        "ui": 1,
                        "ui_on_text": "",
                        "ui_off_text": ""
                    },
                    {
                        "key": "field_5eceb8b223dd1",
                        "label": "Button Class",
                        "name": "button_class",
                        "type": "radio",
                        "instructions": "Choose the color class for this button here",
                        "required": 0,
                        "conditional_logic": [
                            [
                                {
                                    "field": "field_5ea73e44afcff",
                                    "operator": "==",
                                    "value": "1"
                                }
                            ]
                        ],
                        "wrapper": {
                            "width": "",
                            "class": "",
                            "id": ""
                        },
                        "choices": {
                            "primary": "Primary",
                            "primary-ghost": "Primary (Ghost)",
                            "secondary": "Secondary",
                            "secondary-ghost": "Secondary (Ghost)",
                            "white": "White",
                            "white-ghost": "White (Ghost)"
                        },
                        "allow_null": 0,
                        "other_choice": 0,
                        "default_value": "primary",
                        "layout": "vertical",
                        "return_format": "value",
                        "save_other_choice": 0
                    },
                    {
                        "key": "field_5ea73e53afd00",
                        "label": "Button",
                        "name": "button",
                        "type": "link",
                        "instructions": "",
                        "required": 0,
                        "conditional_logic": [
                            [
                                {
                                    "field": "field_5ea73e44afcff",
                                    "operator": "==",
                                    "value": "1"
                                }
                            ]
                        ],
                        "wrapper": {
                            "width": "",
                            "class": "",
                            "id": ""
                        },
                        "return_format": "array"
                    }
                ]
            }
        ],
        "location": [
            [
                {
                    "param": "post_type",
                    "operator": "==",
                    "value": "post"
                }
            ]
        ],
        "menu_order": 20,
        "position": "normal",
        "style": "default",
        "label_placement": "top",
        "instruction_placement": "label",
        "hide_on_screen": "",
        "active": false,
        "description": ""
    },
    {
        "key": "group_5ea74e639f65c",
        "title": "Text\/Image Split (Global)",
        "fields": [
            {
                "key": "field_5ea74e6eaf3c8",
                "label": "Layout Option",
                "name": "text_image_split_layout_option",
                "type": "radio",
                "instructions": "On which side does the image sit?",
                "required": 0,
                "conditional_logic": 0,
                "wrapper": {
                    "width": "",
                    "class": "",
                    "id": ""
                },
                "choices": {
                    "left": "Left",
                    "right": "Right"
                },
                "allow_null": 0,
                "other_choice": 0,
                "default_value": "",
                "layout": "vertical",
                "return_format": "value",
                "save_other_choice": 0
            },
            {
                "key": "field_5ea74e91af3c9",
                "label": "Width Option",
                "name": "text_image_split_width_option",
                "type": "true_false",
                "instructions": "Is this a full-width section?<br><br>\r\n\r\nIf so, it will stretch to the edges of the screen.<br><br>\r\n\r\nIf not, it will stretch to the edges of the 12-column grid.",
                "required": 0,
                "conditional_logic": 0,
                "wrapper": {
                    "width": "",
                    "class": "",
                    "id": ""
                },
                "message": "",
                "default_value": 1,
                "ui": 1,
                "ui_on_text": "",
                "ui_off_text": ""
            },
            {
                "key": "field_5ea74ed9af3ca",
                "label": "Margin Option",
                "name": "text_image_split_margin_option",
                "type": "true_false",
                "instructions": "Add margin above and below this section?",
                "required": 0,
                "conditional_logic": 0,
                "wrapper": {
                    "width": "",
                    "class": "",
                    "id": ""
                },
                "message": "",
                "default_value": 0,
                "ui": 1,
                "ui_on_text": "",
                "ui_off_text": ""
            },
            {
                "key": "field_5eb43094542c6",
                "label": "Background Color",
                "name": "text_image_split_background_color",
                "type": "radio",
                "instructions": "What should the background color be?",
                "required": 0,
                "conditional_logic": 0,
                "wrapper": {
                    "width": "",
                    "class": "",
                    "id": ""
                },
                "choices": {
                    "#d9d9d9": "Light Gray",
                    "#ffffff": "White"
                },
                "allow_null": 0,
                "other_choice": 0,
                "default_value": "",
                "layout": "vertical",
                "return_format": "value",
                "save_other_choice": 0
            },
            {
                "key": "field_5ea74f04af3cb",
                "label": "Image",
                "name": "text_image_split_image",
                "type": "image",
                "instructions": "Upload the image for this section here (at least 950 x 500 px)",
                "required": 0,
                "conditional_logic": 0,
                "wrapper": {
                    "width": "",
                    "class": "",
                    "id": ""
                },
                "return_format": "id",
                "preview_size": "thumbnail",
                "library": "all",
                "min_width": "",
                "min_height": "",
                "min_size": "",
                "max_width": "",
                "max_height": "",
                "max_size": "",
                "mime_types": ""
            },
            {
                "key": "field_5ea74f2caf3cc",
                "label": "Content",
                "name": "text_image_split_content",
                "type": "wysiwyg",
                "instructions": "Enter the text content for this section here",
                "required": 0,
                "conditional_logic": 0,
                "wrapper": {
                    "width": "",
                    "class": "",
                    "id": ""
                },
                "default_value": "",
                "tabs": "all",
                "toolbar": "full",
                "media_upload": 1,
                "delay": 0
            },
            {
                "key": "field_5ea74f40af3cd",
                "label": "Button Toggle",
                "name": "text_image_split_button_toggle",
                "type": "true_false",
                "instructions": "Display a button here?",
                "required": 0,
                "conditional_logic": 0,
                "wrapper": {
                    "width": "",
                    "class": "",
                    "id": ""
                },
                "message": "",
                "default_value": 0,
                "ui": 1,
                "ui_on_text": "",
                "ui_off_text": ""
            },
            {
                "key": "field_5ea74f50af3ce",
                "label": "Button Alignment",
                "name": "text_image_split_button_alignment",
                "type": "radio",
                "instructions": "How should this button be aligned?",
                "required": 0,
                "conditional_logic": [
                    [
                        {
                            "field": "field_5ea74f40af3cd",
                            "operator": "==",
                            "value": "1"
                        }
                    ]
                ],
                "wrapper": {
                    "width": "",
                    "class": "",
                    "id": ""
                },
                "choices": {
                    "left": "Left",
                    "center": "Center",
                    "right": "Right"
                },
                "allow_null": 0,
                "other_choice": 0,
                "default_value": "left",
                "layout": "vertical",
                "return_format": "value",
                "save_other_choice": 0
            },
            {
                "key": "field_5eceb93bdf880",
                "label": "Button Class",
                "name": "text_image_split_button_class",
                "type": "radio",
                "instructions": "Choose the color class for this button here",
                "required": 0,
                "conditional_logic": [
                    [
                        {
                            "field": "field_5ea74f40af3cd",
                            "operator": "==",
                            "value": "1"
                        }
                    ]
                ],
                "wrapper": {
                    "width": "",
                    "class": "",
                    "id": ""
                },
                "choices": {
                    "primary": "Primary",
                    "primary-ghost": "Primary (Ghost)",
                    "secondary": "Secondary",
                    "secondary-ghost": "Secondary (Ghost)",
                    "white": "White",
                    "white-ghost": "White (Ghost)"
                },
                "allow_null": 0,
                "other_choice": 0,
                "default_value": "primary",
                "layout": "vertical",
                "return_format": "value",
                "save_other_choice": 0
            },
            {
                "key": "field_5ea74f76af3cf",
                "label": "Button",
                "name": "text_image_split_button",
                "type": "link",
                "instructions": "",
                "required": 0,
                "conditional_logic": [
                    [
                        {
                            "field": "field_5ea74f40af3cd",
                            "operator": "==",
                            "value": "1"
                        }
                    ]
                ],
                "wrapper": {
                    "width": "",
                    "class": "",
                    "id": ""
                },
                "return_format": "array"
            }
        ],
        "location": [
            [
                {
                    "param": "post_type",
                    "operator": "==",
                    "value": "post"
                }
            ]
        ],
        "menu_order": 21,
        "position": "normal",
        "style": "default",
        "label_placement": "top",
        "instruction_placement": "label",
        "hide_on_screen": "",
        "active": false,
        "description": ""
    },
    {
        "key": "group_5ea7568ed7f84",
        "title": "3-Column Grid (Global)",
        "fields": [
            {
                "key": "field_5ea7569d9822d",
                "label": "Intro Content",
                "name": "3_column_grid_intro_content",
                "type": "wysiwyg",
                "instructions": "Enter the intro content above the grid here",
                "required": 0,
                "conditional_logic": 0,
                "wrapper": {
                    "width": "",
                    "class": "",
                    "id": ""
                },
                "default_value": "",
                "tabs": "all",
                "toolbar": "full",
                "media_upload": 1,
                "delay": 0
            },
            {
                "key": "field_5ea756b19822e",
                "label": "Grid",
                "name": "3_column_grid",
                "type": "repeater",
                "instructions": "Click \"Add Column\"",
                "required": 0,
                "conditional_logic": 0,
                "wrapper": {
                    "width": "",
                    "class": "",
                    "id": ""
                },
                "collapsed": "",
                "min": 0,
                "max": 0,
                "layout": "row",
                "button_label": "Add Column",
                "sub_fields": [
                    {
                        "key": "field_5ea7573c98232",
                        "label": "Image",
                        "name": "image",
                        "type": "image",
                        "instructions": "Upload the image here (at least 400 x 250 px)",
                        "required": 0,
                        "conditional_logic": 0,
                        "wrapper": {
                            "width": "",
                            "class": "",
                            "id": ""
                        },
                        "return_format": "id",
                        "preview_size": "thumbnail",
                        "library": "all",
                        "min_width": "",
                        "min_height": "",
                        "min_size": "",
                        "max_width": "",
                        "max_height": "",
                        "max_size": "",
                        "mime_types": ""
                    },
                    {
                        "key": "field_5ea757029822f",
                        "label": "Content",
                        "name": "content",
                        "type": "wysiwyg",
                        "instructions": "Enter the text content for this column here",
                        "required": 0,
                        "conditional_logic": 0,
                        "wrapper": {
                            "width": "",
                            "class": "",
                            "id": ""
                        },
                        "default_value": "",
                        "tabs": "all",
                        "toolbar": "full",
                        "media_upload": 1,
                        "delay": 0
                    },
                    {
                        "key": "field_5ea7571198230",
                        "label": "Button Toggle",
                        "name": "button_toggle",
                        "type": "true_false",
                        "instructions": "Display a button here?",
                        "required": 0,
                        "conditional_logic": 0,
                        "wrapper": {
                            "width": "",
                            "class": "",
                            "id": ""
                        },
                        "message": "",
                        "default_value": 0,
                        "ui": 1,
                        "ui_on_text": "",
                        "ui_off_text": ""
                    },
                    {
                        "key": "field_5eceb9b6b907f",
                        "label": "Button Class",
                        "name": "button_class",
                        "type": "radio",
                        "instructions": "Choose the color class for this button here",
                        "required": 0,
                        "conditional_logic": [
                            [
                                {
                                    "field": "field_5ea7571198230",
                                    "operator": "==",
                                    "value": "1"
                                }
                            ]
                        ],
                        "wrapper": {
                            "width": "",
                            "class": "",
                            "id": ""
                        },
                        "choices": {
                            "primary": "Primary",
                            "primary-ghost": "Primary (Ghost)",
                            "secondary": "Secondary",
                            "secondary-ghost": "Secondary (Ghost)",
                            "white": "White",
                            "white-ghost": "White (Ghost)"
                        },
                        "allow_null": 0,
                        "other_choice": 0,
                        "default_value": "primary",
                        "layout": "vertical",
                        "return_format": "value",
                        "save_other_choice": 0
                    },
                    {
                        "key": "field_5ea7572498231",
                        "label": "Button",
                        "name": "button",
                        "type": "link",
                        "instructions": "",
                        "required": 0,
                        "conditional_logic": [
                            [
                                {
                                    "field": "field_5ea7571198230",
                                    "operator": "==",
                                    "value": "1"
                                }
                            ]
                        ],
                        "wrapper": {
                            "width": "",
                            "class": "",
                            "id": ""
                        },
                        "return_format": "array"
                    }
                ]
            }
        ],
        "location": [
            [
                {
                    "param": "post_type",
                    "operator": "==",
                    "value": "post"
                }
            ]
        ],
        "menu_order": 22,
        "position": "normal",
        "style": "default",
        "label_placement": "top",
        "instruction_placement": "label",
        "hide_on_screen": "",
        "active": false,
        "description": ""
    },
    {
        "key": "group_5ea88dde7cfa1",
        "title": "Newsletter Signup (Global)",
        "fields": [
            {
                "key": "field_5ea88defcb7c8",
                "label": "Intro",
                "name": "newsletter_intro",
                "type": "wysiwyg",
                "instructions": "Enter the intro content here",
                "required": 0,
                "conditional_logic": 0,
                "wrapper": {
                    "width": "",
                    "class": "",
                    "id": ""
                },
                "default_value": "",
                "tabs": "all",
                "toolbar": "full",
                "media_upload": 1,
                "delay": 0
            },
            {
                "key": "field_5ea88e375e1a6",
                "label": "Form",
                "name": "newsletter_form",
                "type": "forms",
                "instructions": "Choose the form to display here",
                "required": 0,
                "conditional_logic": 0,
                "wrapper": {
                    "width": "",
                    "class": "",
                    "id": ""
                },
                "return_format": "post_object",
                "allow_null": 0,
                "multiple": 0
            }
        ],
        "location": [
            [
                {
                    "param": "post_type",
                    "operator": "==",
                    "value": "post"
                }
            ]
        ],
        "menu_order": 24,
        "position": "normal",
        "style": "default",
        "label_placement": "top",
        "instruction_placement": "label",
        "hide_on_screen": "",
        "active": false,
        "description": ""
    }
]